{
  "k_values": [
    5,
    10,
    20
  ],
  "global": {
    "content_based": {
      "Precision@5": 0.7360000000000001,
      "Recall@5": 0.02431735703179494,
      "NDCG@5": 0.732666206274797,
      "Diversity@5": 0.016675118868270403,
      "Precision@10": 0.7480000000000001,
      "Recall@10": 0.04943262890663979,
      "NDCG@10": 0.7414891218744154,
      "Diversity@10": 0.018748531125474883,
      "Precision@20": 0.763,
      "Recall@20": 0.10082675670759687,
      "NDCG@20": 0.7540608340614194,
      "Diversity@20": 0.020773663733821782,
      "Coverage": 0.995
    },
    "collaborative": {
      "Precision@5": 0.7471264367816091,
      "Recall@5": 0.007480236495889232,
      "NDCG@5": 0.33386741178642076,
      "Diversity@5": 0.03150292580249169,
      "Precision@10": 0.7471264367816091,
      "Recall@10": 0.007480236495889232,
      "NDCG@10": 0.21665710548252826,
      "Diversity@10": 0.03150292580249169,
      "Precision@20": 0.7471264367816091,
      "Recall@20": 0.007480236495889232,
      "NDCG@20": 0.13982342169026532,
      "Diversity@20": 0.03150292580249169,
      "Coverage": 0.205
    },
    "hybrid": {
      "Precision@5": 0.7360000000000001,
      "Recall@5": 0.024327578004940894,
      "NDCG@5": 0.7342012072797757,
      "Diversity@5": 0.019354792186512836,
      "Precision@10": 0.746,
      "Recall@10": 0.04930425296541317,
      "NDCG@10": 0.7408060030001477,
      "Diversity@10": 0.020171407508132212,
      "Precision@20": 0.7569999999999999,
      "Recall@20": 0.10001928217413948,
      "NDCG@20": 0.7502510344087996,
      "Diversity@20": 0.021397908157954827,
      "Coverage": 0.91
    }
  },
  "novelty_only": {
    "content_based": {
      "Precision@5": 0.016,
      "Recall@5": 0.05333333333333333,
      "NDCG@5": 0.034245261330291925,
      "Diversity@5": 0.01673477114699048,
      "Precision@10": 0.012000000000000002,
      "Recall@10": 0.07333333333333333,
      "NDCG@10": 0.04198231747498275,
      "Diversity@10": 0.018677461200391453,
      "Precision@20": 0.008,
      "Recall@20": 0.11333333333333333,
      "NDCG@20": 0.052791843652075544,
      "Diversity@20": 0.02060055115974369,
      "Coverage": 0.995
    },
    "collaborative": {
      "Precision@5": 0.8666666666666666,
      "Recall@5": 1.0,
      "NDCG@5": 0.9472632118516441,
      "Diversity@5": 0.03150292580249169,
      "Precision@10": 0.8666666666666666,
      "Recall@10": 1.0,
      "NDCG@10": 0.9472632118516441,
      "Diversity@10": 0.03150292580249169,
      "Precision@20": 0.8666666666666666,
      "Recall@20": 1.0,
      "NDCG@20": 0.9472632118516441,
      "Diversity@20": 0.03150292580249169,
      "Coverage": 0.205
    },
    "hybrid": {
      "Precision@5": 0.18400000000000002,
      "Recall@5": 0.7466666666666666,
      "NDCG@5": 0.6949039270363098,
      "Diversity@5": 0.020889728831319485,
      "Precision@10": 0.1,
      "Recall@10": 0.78,
      "NDCG@10": 0.708250548187975,
      "Diversity@10": 0.021033577411720277,
      "Precision@20": 0.05,
      "Recall@20": 0.78,
      "NDCG@20": 0.708250548187975,
      "Diversity@20": 0.021625518166292705,
      "Coverage": 0.91
    }
  },
  "best_model_global_precision_at_k": {
    "k": 10,
    "model": "Content-Based",
    "value": 0.7480000000000001
  }
}